{"cameraMode":{"drawMode":0,"name":"Shaded","section":"Shading Mode"},"sceneLighting":true,"audioPlay":false,"sceneViewState":{"showFog":true,"showMaterialUpdate":false,"showSkybox":true,"showFlares":true,"showImageEffects":true,"showParticleSystems":true},"in2DMode":false,"pivot":{"x":141.71505737304688,"y":420.1413879394531,"z":195.3097686767578},"rotation":{"x":-0.03430550545454025,"y":-0.1680000275373459,"z":0.005870006047189236,"w":-0.9851901531219482},"size":34.7692756652832,"orthographic":false}