{"cameraMode":{"drawMode":0,"name":"Shaded","section":"Shading Mode"},"sceneLighting":true,"audioPlay":false,"sceneViewState":{"showFog":true,"showMaterialUpdate":true,"showSkybox":true,"showFlares":true,"showImageEffects":true,"showParticleSystems":true},"in2DMode":false,"pivot":{"x":-7.192261695861816,"y":-4.672348976135254,"z":15.935159683227539},"rotation":{"x":-0.13228580355644227,"y":0.19403468072414399,"z":-0.026415899395942689,"w":-0.9716799855232239},"size":22.0,"orthographic":false}