{"cameraMode":{"drawMode":0,"name":"Shaded","section":"Shading Mode"},"sceneLighting":false,"audioPlay":false,"sceneViewState":{"showFog":true,"showMaterialUpdate":false,"showSkybox":false,"showFlares":true,"showImageEffects":true,"showParticleSystems":true},"in2DMode":false,"pivot":{"x":0.11934071779251099,"y":0.8726310729980469,"z":0.05587795376777649},"rotation":{"x":0.1189880445599556,"y":-0.8303113579750061,"z":0.19424594938755036,"w":0.5086191892623901},"size":3.653200626373291,"orthographic":false}