{"cameraMode":{"drawMode":0,"name":"Shaded","section":"Shading Mode"},"sceneLighting":false,"audioPlay":false,"sceneViewState":{"showFog":true,"showMaterialUpdate":false,"showSkybox":false,"showFlares":true,"showImageEffects":true,"showParticleSystems":true},"in2DMode":false,"pivot":{"x":-3.34666109085083,"y":-7.640830993652344,"z":5.356285572052002},"rotation":{"x":-0.3010573387145996,"y":0.034857723861932757,"z":-0.011012157425284386,"w":-0.9529051780700684},"size":30.68985939025879,"orthographic":false}