{"cameraMode":{"drawMode":0,"name":"Shaded","section":"Shading Mode"},"sceneLighting":false,"audioPlay":false,"sceneViewState":{"showFog":true,"showMaterialUpdate":false,"showSkybox":false,"showFlares":true,"showImageEffects":true,"showParticleSystems":true},"in2DMode":false,"pivot":{"x":-1.1697454452514649,"y":1.6084558963775635,"z":0.7390551567077637},"rotation":{"x":-0.2221679836511612,"y":-0.20959514379501344,"z":0.04896751791238785,"w":-0.950954020023346},"size":5.733215808868408,"orthographic":false}