{"cameraMode":{"drawMode":2,"name":"Shaded Wireframe","section":"Shading Mode"},"sceneLighting":true,"audioPlay":false,"sceneViewState":{"showFog":true,"showMaterialUpdate":true,"showSkybox":false,"showFlares":true,"showImageEffects":true,"showParticleSystems":true},"in2DMode":false,"pivot":{"x":14.626056671142579,"y":8.102571487426758,"z":-13.939637184143067},"rotation":{"x":-0.18007515370845796,"y":0.7893971800804138,"z":-0.2738287150859833,"w":-0.5191127061843872},"size":7.631691932678223,"orthographic":false}