{"cameraMode":{"drawMode":2,"name":"Shaded Wireframe","section":"Shading Mode"},"sceneLighting":false,"audioPlay":false,"sceneViewState":{"showFog":true,"showMaterialUpdate":true,"showSkybox":false,"showFlares":true,"showImageEffects":true,"showParticleSystems":true},"in2DMode":false,"pivot":{"x":5.834300994873047,"y":22.26886558532715,"z":-34.08064270019531},"rotation":{"x":-0.06740879267454148,"y":0.9294130206108093,"z":-0.2136000245809555,"w":-0.29331931471824648},"size":64.01085662841797,"orthographic":false}