{"cameraMode":{"drawMode":0,"name":"Shaded","section":"Shading Mode"},"sceneLighting":true,"audioPlay":false,"sceneViewState":{"showFog":true,"showMaterialUpdate":true,"showSkybox":true,"showFlares":true,"showImageEffects":true,"showParticleSystems":true},"in2DMode":false,"pivot":{"x":-17.190204620361329,"y":2.766521692276001,"z":-7.342884063720703},"rotation":{"x":0.003803717438131571,"y":-0.9879745841026306,"z":0.02460346557199955,"w":0.15265001356601716},"size":10.161724090576172,"orthographic":false}